-0.000125,-0.0884375
0.000125,-0.088
0.000375,-0.0882813
0.000625,-0.0875313
0.000875,-0.0883437
0.001125,-0.0879688
0.001375,-0.0883437
0.001625,-0.088
0.001875,-0.0877813
0.002125,-0.0880938
0.002375,-0.0877813
0.002625,-0.0880938
0.002875,-0.0878438
0.003125,-0.0882187
0.003375,-0.0876563
0.003625,-0.0884375
0.003875,-0.0879062
0.004125,-0.088375
0.004375,-0.0878125
0.004625,-0.0885
0.004875,-0.0879688
0.005125,-0.0880938
0.005375,-0.0881563
0.005625,-0.0880312
0.005875,-0.0882813
0.006125,-0.0878438
0.006375,-0.0883437
0.006625,-0.0877187
0.006875,-0.0884062
0.007125,-0.0877813
0.007375,-0.0885
0.007625,-0.0879375
0.007875,-0.0880938
0.008125,-0.0879375
0.008375,-0.088125
0.008625,-0.0880938
0.008875,-0.0880312
0.009125,-0.0885
0.009375,-0.0879062
0.009625,-0.088375
0.009875,-0.0764688
0.010125,-0.07375
0.010375,-0.069625
0.010625,-0.0664688
0.010875,-0.0623438
0.011125,-0.0585
0.011375,-0.0545625
0.011625,-0.04875
0.011875,-0.045875
0.012125,0.0397188
0.012375,0.03475
0.012625,0.0274688
0.012875,0.02
0.013125,0.0147812
0.013375,0.009875
0.013625,0.00678125
0.013875,0.0033125
0.014125,0.00153125
0.014375,-0.0004375
0.014625,-0.00209375
0.014875,-0.00328125
0.015125,-0.005
0.015375,-0.00553125
0.015625,-0.007
0.015875,-0.00734375
0.016125,-0.0088125
0.016375,-0.009
0.016625,-0.0102812
0.016875,-0.0104375
0.017125,-0.01125
0.017375,-0.0115312
0.017625,-0.0117813
0.017875,-0.0122188
0.018125,-0.0124687
0.018375,-0.0129375
0.018625,-0.012625
0.018875,-0.0134687
0.019125,-0.0129062
0.019375,-0.0136563
0.019625,-0.0132188
0.019875,-0.0139062
0.020125,-0.01325
0.020375,-0.013875
0.020625,-0.0134062
0.020875,-0.013375
0.021125,-0.0135312
0.021375,-0.0130937
0.021625,-0.0134687
0.021875,-0.012875
0.022125,-0.0132188
0.022375,-0.012625
0.022625,-0.0129062
0.022875,-0.012375
0.023125,-0.0126563
0.023375,-0.0120625
0.023625,-0.012
0.023875,-0.0116875
0.024125,-0.0115
0.024375,-0.011625
0.024625,-0.011
0.024875,-0.011
0.025125,-0.0105
0.025375,-0.0108438
0.025625,-0.0101562
0.025875,-0.0104063
0.026125,-0.00953125
0.026375,-0.00971875
0.026625,-0.00921875
0.026875,-0.008875
0.027125,-0.009
0.027375,-0.0083125
0.027625,-0.00853125
0.027875,-0.00809375
0.028125,-0.0080625
0.028375,-0.00740625
0.028625,-0.00753125
0.028875,-0.00690625
0.029125,-0.00728125
0.029375,-0.00621875
0.029625,-0.00675
0.029875,-0.005875
0.030125,-0.0061875
0.030375,-0.0055
0.030625,-0.0051875
0.030875,-0.00528125
0.031125,-0.0046875
0.031375,-0.0046875
0.031625,-0.00403125
0.031875,-0.00428125
0.032125,-0.0035625
0.032375,-0.00384375
0.032625,-0.003
0.032875,-0.0033125
0.033125,-0.0025
0.033375,-0.00215625
0.033625,-0.00221875
0.033875,-0.0015
0.034125,-0.00171875
0.034375,-0.00115625
0.034625,-0.00128125
0.034875,-0.00065625
0.035125,-0.00078125
0.035375,-0.000375
0.035625,-0.00071875
0.035875,0
0.036125,-0.0001875
0.036375,0.0004375
0.036625,0.00084375
0.036875,0.001
0.037125,0.0015
0.037375,0.001125
0.037625,0.00178125
0.037875,0.0015
0.038125,0.00240625
0.038375,0.00196875
0.038625,0.0025
0.038875,0.002125
0.039125,0.00275
0.039375,0.00234375
0.039625,0.003
0.039875,0.00325
0.040125,0.003625
0.040375,0.0034375
0.040625,0.0036875
0.040875,0.003875
0.041125,0.003875
0.041375,0.004375
0.041625,0.00428125
0.041875,0.0046875
0.042125,0.0045
0.042375,0.0050625
0.042625,0.00465625
0.042875,0.00525
0.043125,0.0055
0.043375,0.00546875
0.043625,0.00584375
0.043875,0.00575
0.044125,0.006
0.044375,0.00584375
0.044625,0.0061875
0.044875,0.0060625
0.045125,0.0065
0.045375,0.006125
0.045625,0.00675
0.045875,0.00640625
0.046125,0.00690625
0.046375,0.007125
0.046625,0.00721875
0.046875,0.00746875
0.047125,0.007375
0.047375,0.00775
0.047625,0.00746875
0.047875,0.0078125
0.048125,0.0075625
0.048375,0.00790625
0.048625,0.007625
0.048875,0.00825
0.049125,0.0076875
0.049375,0.00834375
0.049625,0.00865625
0.049875,0.0085
0.050125,0.00884375
0.050375,0.0084375
0.050625,0.009
0.050875,0.0085
0.051125,0.00903125
0.051375,0.008625
0.051625,0.00890625
0.051875,0.00859375
0.052125,0.00915625
0.052375,0.0088125
0.052625,0.00915625
0.052875,0.0094375
0.053125,0.0095
0.053375,0.00978125
0.053625,0.0094375
0.053875,0.0099375
0.054125,0.00928125
0.054375,0.00990625
0.054625,0.0095
0.054875,0.01
0.055125,0.0095
0.055375,0.00978125
0.055625,0.0093125
0.055875,0.01
0.056125,0.01025
0.056375,0.0100313
0.056625,0.0105313
0.056875,0.01
0.057125,0.010375
0.057375,0.009875
0.057625,0.0104063
0.057875,0.0100938
0.058125,0.0105
0.058375,0.0100938
0.058625,0.0105625
0.058875,0.0100625
0.059125,0.010375
0.059375,0.0100938
0.059625,0.0106875
0.059875,0.0105
0.060125,0.0104375
0.060375,0.0107187
0.060625,0.0102187
0.060875,0.010625
0.061125,0.01025
0.061375,0.010625
0.061625,0.01025
0.061875,0.0107187
0.062125,0.0101875
0.062375,0.0106562
0.062625,0.0108438
0.062875,0.0106562
0.063125,0.0107812
0.063375,0.0105313
0.063625,0.0108438
0.063875,0.0105
0.064125,0.0109688
0.064375,0.0104688
0.064625,0.01075
0.064875,0.0104688
0.065125,0.0107812
0.065375,0.0102187
0.065625,0.0105
0.065875,0.0107812
0.066125,0.01075
0.066375,0.0110312
0.066625,0.0105625
0.066875,0.0109688
0.067125,0.0107187
0.067375,0.011
0.067625,0.01025
0.067875,0.0108125
0.068125,0.0104063
0.068375,0.0106562
0.068625,0.01025
0.068875,0.0106562
0.069125,0.0109688
0.069375,0.0104063
0.069625,0.0105
0.069875,0.0105625
0.070125,0.0105937
0.070375,0.0104375
0.070625,0.010875
0.070875,0.0105
0.071125,0.0107812
0.071375,0.010375
0.071625,0.0108438
0.071875,0.0103125
0.072125,0.0105625
0.072375,0.0109688
0.072625,0.010625
0.072875,0.0108438
0.073125,0.0106562
0.073375,0.0108125
0.073625,0.0105
0.073875,0.010875
0.074125,0.0102187
0.074375,0.010625
0.074625,0.0103438
0.074875,0.0105625
0.075125,0.0100625
0.075375,0.0103438
0.075625,0.0104063
0.075875,0.0104375
0.076125,0.0109063
0.076375,0.01025
0.076625,0.0107187
0.076875,0.0103125
0.077125,0.0106875
0.077375,0.0100313
0.077625,0.0105313
0.077875,0.0100313
0.078125,0.0105
0.078375,0.0100938
0.078625,0.010625
0.078875,0.0100625
0.079125,0.0104063
0.079375,0.010125
0.079625,0.0100625
0.079875,0.0104688
0.080125,0.010125
0.080375,0.0104063
0.080625,0.00975
0.080875,0.0104063
0.081125,0.0096875
0.081375,0.01025
0.081625,0.0096875
0.081875,0.0101875
0.082125,0.01
0.082375,0.0100625
0.082625,0.0100625
0.082875,0.00996875
0.083125,0.0101875
0.083375,0.00975
0.083625,0.0103125
0.083875,0.00978125
0.084125,0.0100938
0.084375,0.0095
0.084625,0.0100313
0.084875,0.0094375
0.085125,0.009875
0.085375,0.009875
0.085625,0.0098125
0.085875,0.0101562
0.086125,0.00990625
0.086375,0.0101562
0.086625,0.00971875
0.086875,0.0100625
0.087125,0.009375
0.087375,0.01
0.087625,0.00921875
0.087875,0.0098125
0.088125,0.00934375
0.088375,0.00975
0.088625,0.01
0.088875,0.00971875
0.089125,0.009875
0.089375,0.00965625
0.089625,0.00975
0.089875,0.009375
0.090125,0.00978125
0.090375,0.009375
0.090625,0.00978125
0.090875,0.00925
0.091125,0.00946875
0.091375,0.00909375
0.091625,0.0095625
0.091875,0.00928125
0.092125,0.0093125
0.092375,0.0093125
0.092625,0.00903125
0.092875,0.00946875
0.093125,0.00903125
0.093375,0.00940625
0.093625,0.00909375
0.093875,0.0095
0.094125,0.00890625
0.094375,0.0093125
0.094625,0.00853125
0.094875,0.00903125
0.095125,0.00909375
0.095375,0.00890625
0.095625,0.009
0.095875,0.00878125
0.096125,0.00915625
0.096375,0.008625
0.096625,0.00903125
0.096875,0.00859375
0.097125,0.009
0.097375,0.00834375
0.097625,0.00875
0.097875,0.0081875
0.098125,0.00865625
0.098375,0.00896875
0.098625,0.00890625
0.098875,0.00890625
0.099125,0.00853125
0.099375,0.00875
0.099625,0.0085
0.099875,0.00853125
0.100125,0.00828125
0.100375,0.00859375
0.100625,0.0080625
0.100875,0.00859375
0.101125,0.00803125
0.101375,0.0085
0.101625,0.008375
0.101875,0.00828125
0.102125,0.00853125
0.102375,0.00809375
0.102625,0.00834375
0.102875,0.008
0.103125,0.00853125
0.103375,0.00771875
0.103625,0.00825
0.103875,0.0076875
0.104125,0.008
0.104375,0.0075
0.104625,0.00784375
0.104875,0.007625
0.105125,0.00759375
0.105375,0.00778125
0.105625,0.007625
0.105875,0.00809375
0.106125,0.00753125
0.106375,0.007875
0.106625,0.007125
0.106875,0.00753125
0.107125,0.0070625
0.107375,0.00775
0.107625,0.00725
0.107875,0.0075
0.108125,0.00728125
0.108375,0.007375
0.108625,0.0075625
0.108875,0.007125
0.109125,0.00775
0.109375,0.00715625
0.109625,0.00765625
0.109875,0.00709375
0.110125,0.00728125
0.110375,0.0066875
0.110625,0.0073125
0.110875,0.00678125
0.111125,0.00728125
0.111375,0.007
0.111625,0.00703125
0.111875,0.007125
0.112125,0.0069375
0.112375,0.0071875
0.112625,0.007
0.112875,0.00721875
0.113125,0.0065
0.113375,0.007
0.113625,0.0065
0.113875,0.0068125
0.114125,0.007
0.114375,0.00678125
0.114625,0.0068125
0.114875,0.0064375
0.115125,0.00678125
0.115375,0.0064375
0.115625,0.007
0.115875,0.0064375
0.116125,0.006625
0.116375,0.006125
0.116625,0.0065625
0.116875,0.00609375
0.117125,0.00653125
0.117375,0.0065
0.117625,0.0064375
0.117875,0.00659375
0.118125,0.005875
0.118375,0.0064375
0.118625,0.00596875
0.118875,0.0063125
0.119125,0.00603125
0.119375,0.006125
0.119625,0.00571875
0.119875,0.00609375
0.120125,0.00575
0.120375,0.00584375
0.120625,0.0061875
0.120875,0.0058125
0.121125,0.006125
0.121375,0.00559375
0.121625,0.0060625
0.121875,0.00559375
0.122125,0.00590625
0.122375,0.0055
0.122625,0.00578125
0.122875,0.00546875
0.123125,0.0056875
0.123375,0.00521875
0.123625,0.00553125
0.123875,0.00546875
0.124125,0.0054375
0.124375,0.00575
0.124625,0.005125
0.124875,0.0055
0.125125,0.0051875
0.125375,0.00546875
0.125625,0.005
0.125875,0.00528125
0.126125,0.004625
0.126375,0.0050625
0.126625,0.0045625
0.126875,0.0050625
0.127125,0.00503125
0.127375,0.0049375
0.127625,0.00503125
0.127875,0.0048125
0.128125,0.00528125
0.128375,0.00446875
0.128625,0.005
0.128875,0.004375
0.129125,0.00484375
0.129375,0.00425
0.129625,0.00490625
0.129875,0.00446875
0.130125,0.0044375
0.130375,0.004625
0.130625,0.0044375
0.130875,0.0045625
0.131125,0.00425
0.131375,0.00484375
0.131625,0.004125
0.131875,0.00475
0.132125,0.00396875
0.132375,0.00453125
0.132625,0.0040625
0.132875,0.0043125
0.133125,0.00465625
0.133375,0.0041875
0.133625,0.0045
0.133875,0.00425
0.134125,0.0045625
0.134375,0.00403125
0.134625,0.0045
0.134875,0.00403125
0.135125,0.0043125
0.135375,0.00378125
0.135625,0.004125
0.135875,0.00365625
0.136125,0.00425
0.136375,0.0040625
0.136625,0.004
0.136875,0.0045625
0.137125,0.003875
0.137375,0.004375
0.137625,0.00378125
0.137875,0.00403125
0.138125,0.00375
0.138375,0.004125
0.138625,0.00359375
0.138875,0.00384375
0.139125,0.00325
0.139375,0.0038125
0.139625,0.0035
0.139875,0.00375
0.140125,0.003375
0.140375,0.00365625
0.140625,0.00359375
0.140875,0.00340625
0.141125,0.00365625
0.141375,0.00315625
0.141625,0.003625
0.141875,0.00303125
0.142125,0.0036875
0.142375,0.00315625
0.142625,0.003375
0.142875,0.0034375
0.143125,0.00340625
0.143375,0.003625
0.143625,0.00315625
0.143875,0.00359375
0.144125,0.00303125
0.144375,0.0031875
0.144625,0.003
0.144875,0.0033125
0.145125,0.002875
0.145375,0.0031875
0.145625,0.0025625
0.145875,0.003125
0.146125,0.003125
0.146375,0.0029375
0.146625,0.0034375
0.146875,0.002875
0.147125,0.00334375
0.147375,0.00259375
0.147625,0.00303125
0.147875,0.0025
0.148125,0.003125
0.148375,0.00253125
0.148625,0.003
0.148875,0.00246875
0.149125,0.002875
0.149375,0.003
0.149625,0.00284375
0.149875,0.00290625
0.150125,0.00225
0.150375,0.0028125
0.150625,0.0023125
0.150875,0.00278125
0.151125,0.00215625
0.151375,0.00278125
0.151625,0.002125
0.151875,0.0025625
0.152125,0.0019375
0.152375,0.00253125
0.152625,0.0023125
0.152875,0.002375
0.153125,0.00259375
0.153375,0.002
0.153625,0.0025625
0.153875,0.00196875
0.154125,0.00221875
0.154375,0.001875
0.154625,0.00225
0.154875,0.0015625
0.155125,0.00184375
0.155375,0.00171875
0.155625,0.00184375
0.155875,0.001875
0.156125,0.0016875
0.156375,0.00196875
0.156625,0.00159375
0.156875,0.00196875
0.157125,0.00121875
0.157375,0.0018125
0.157625,0.001125
0.157875,0.0015
0.158125,0.0011875
0.158375,0.001625
0.158625,0.001125
0.158875,0.0015625
0.159125,0.00165625
0.159375,0.0015
0.159625,0.00196875
0.159875,0.00125
0.160125,0.0015625
0.160375,0.0011875
0.160625,0.0013125
0.160875,0.0011875
0.161125,0.001375
0.161375,0.001
0.161625,0.001125
0.161875,0.00071875
0.162125,0.001
0.162375,0.0011875
0.162625,0.00090625
0.162875,0.00109375
0.163125,0.0008125
0.163375,0.001125
0.163625,0.0008125
0.163875,0.001125
0.164125,0.0005
0.164375,0.001
0.164625,0.00053125
0.164875,0.00084375
0.165125,0.00059375
0.165375,0.00059375
0.165625,0.00103125
0.165875,0.00053125
0.166125,0.00090625
0.166375,0.00053125
0.166625,0.00090625
0.166875,0.00025
0.167125,0.00075
0.167375,0.0001875
0.167625,0.00059375
0.167875,-9.375e-05
0.168125,0.000625
0.168375,0.00040625
0.168625,0.00065625
0.168875,0.0005625
0.169125,0.00025
0.169375,0.0004375
0.169625,0
0.169875,0.000375
0.170125,0
0.170375,0.0005
0.170625,-0.00034375
0.170875,0.00025
0.171125,-0.0001875
0.171375,3.125e-05
0.171625,6.25e-05
0.171875,0
0.172125,6.25e-05
0.172375,-3.125e-05
0.172625,0.00015625
0.172875,-0.00015625
0.173125,0
0.173375,-0.0004375
0.173625,0
0.173875,-0.00084375
0.174125,-0.000125
0.174375,-0.00065625
0.174625,-0.00028125
0.174875,-0.00015625
0.175125,-0.00053125
0.175375,0
0.175625,-0.00065625
0.175875,-0.00015625
0.176125,-0.00065625
0.176375,-0.0004375
0.176625,-0.00096875
0.176875,-0.00025
0.177125,-0.00103125
0.177375,-0.00071875
0.177625,-0.00109375
0.177875,-0.00090625
0.178125,-0.0006875
0.178375,-0.00084375
0.178625,-0.00071875
0.178875,-0.0009375
0.179125,-0.00084375
0.179375,-0.00115625
0.179625,-0.00090625
0.179875,-0.0013125
0.180125,-0.0009375
0.180375,-0.0015625
0.180625,-0.001
0.180875,-0.001625
0.181125,-0.0010625
0.181375,-0.00103125
0.181625,-0.00125
0.181875,-0.00115625
0.182125,-0.00128125
0.182375,-0.001
0.182625,-0.00171875
0.182875,-0.00109375
0.183125,-0.00184375
0.183375,-0.00115625
0.183625,-0.00184375
0.183875,-0.0014375
0.184125,-0.00203125
0.184375,-0.00178125
0.184625,-0.00178125
0.184875,-0.001875
0.185125,-0.0016875
0.185375,-0.001875
0.185625,-0.00159375
0.185875,-0.00209375
0.186125,-0.001625
0.186375,-0.0024375
0.186625,-0.00203125
0.186875,-0.0024375
0.187125,-0.0018125
0.187375,-0.0023125
0.187625,-0.00209375
0.187875,-0.002125
0.188125,-0.00225
0.188375,-0.00209375
0.188625,-0.00253125
0.188875,-0.002
0.189125,-0.0026875
0.189375,-0.0021875
0.189625,-0.00275
0.189875,-0.00246875
0.190125,-0.0028125
0.190375,-0.0024375
0.190625,-0.003125
0.190875,-0.002625
0.191125,-0.00246875
0.191375,-0.002875
0.191625,-0.0025625
0.191875,-0.00284375
0.192125,-0.00246875
0.192375,-0.0030625
0.192625,-0.00265625
0.192875,-0.00328125
0.193125,-0.00284375
0.193375,-0.00325
0.193625,-0.00296875
0.193875,-0.003
0.194125,-0.003
0.194375,-0.00309375
0.194625,-0.0033125
0.194875,-0.002875
0.195125,-0.00346875
0.195375,-0.00290625
0.195625,-0.0035
0.195875,-0.003
0.196125,-0.00371875
0.196375,-0.00303125
0.196625,-0.00365625
0.196875,-0.00321875
0.197125,-0.00359375
0.197375,-0.003375
0.197625,-0.0035
0.197875,-0.0035
0.198125,-0.00328125
0.198375,-0.00384375
0.198625,-0.00340625
0.198875,-0.004
0.199125,-0.0035625
0.199375,-0.00415625
0.199625,-0.0035625
0.199875,-0.00415625
0.200125,-0.00371875
0.200375,-0.00409375
0.200625,-0.00384375
0.200875,-0.00371875
0.201125,-0.00390625
0.201375,-0.00365625
0.201625,-0.00425
0.201875,-0.00375
0.202125,-0.0043125
0.202375,-0.00390625
0.202625,-0.00434375
0.202875,-0.00415625
0.203125,-0.0045
0.203375,-0.00415625
0.203625,-0.0046875
0.203875,-0.0041875
0.204125,-0.00415625
0.204375,-0.0045
0.204625,-0.0041875
0.204875,-0.0044375
0.205125,-0.0040625
0.205375,-0.00459375
0.205625,-0.0041875
0.205875,-0.00459375
0.206125,-0.00440625
0.206375,-0.00471875
0.206625,-0.0044375
0.206875,-0.0049375
0.207125,-0.0045625
0.207375,-0.00465625
0.207625,-0.00475
0.207875,-0.00453125
0.208125,-0.00484375
0.208375,-0.0044375
0.208625,-0.00509375
0.208875,-0.00465625
0.209125,-0.00528125
0.209375,-0.00484375
0.209625,-0.00521875
0.209875,-0.00465625
0.210125,-0.00540625
0.210375,-0.00490625
0.210625,-0.00509375
0.210875,-0.00503125
0.211125,-0.00496875
0.211375,-0.0051875
0.211625,-0.0049375
0.211875,-0.00525
0.212125,-0.005
0.212375,-0.0055
0.212625,-0.005
0.212875,-0.00565625
0.213125,-0.0050625
0.213375,-0.00521875
0.213625,-0.0053125
0.213875,-0.00496875
0.214125,-0.00534375
0.214375,-0.0051875
0.214625,-0.00553125
0.214875,-0.00515625
0.215125,-0.00575
0.215375,-0.005375
0.215625,-0.005875
0.215875,-0.0054375
0.216125,-0.0059375
0.216375,-0.0055
0.216625,-0.0053125
0.216875,-0.00571875
0.217125,-0.00515625
0.217375,-0.005875
0.217625,-0.0054375
0.217875,-0.00578125
0.218125,-0.00546875
0.218375,-0.006
0.218625,-0.00571875
0.218875,-0.0063125
0.219125,-0.00596875
0.219375,-0.00634375
0.219625,-0.00559375
0.219875,-0.0056875
0.220125,-0.00609375
0.220375,-0.0056875
0.220625,-0.006375
0.220875,-0.00578125
0.221125,-0.00640625
0.221375,-0.00590625
0.221625,-0.00653125
0.221875,-0.00571875
0.222125,-0.0066875
0.222375,-0.0061875
0.222625,-0.00684375
0.222875,-0.0065
0.223125,-0.0065625
0.223375,-0.0065
0.223625,-0.00640625
0.223875,-0.00678125
0.224125,-0.00640625
0.224375,-0.00696875
0.224625,-0.00665625
0.224875,-0.00696875
0.225125,-0.0065
0.225375,-0.00690625
0.225625,-0.0066875
0.225875,-0.00671875
0.226125,-0.00690625
0.226375,-0.0068125
0.226625,-0.006875
0.226875,-0.00665625
0.227125,-0.00696875
0.227375,-0.0065
0.227625,-0.00715625
0.227875,-0.00665625
0.228125,-0.00728125
0.228375,-0.00678125
0.228625,-0.0075
0.228875,-0.00703125
0.229125,-0.0071875
0.229375,-0.00721875
0.229625,-0.0070625
0.229875,-0.00721875
0.230125,-0.00728125
0.230375,-0.00740625
0.230625,-0.00715625
0.230875,-0.0075
0.231125,-0.00715625
0.231375,-0.007625
0.231625,-0.00721875
0.231875,-0.00778125
0.232125,-0.007375
0.232375,-0.00728125
0.232625,-0.007875
0.232875,-0.00734375
0.233125,-0.00759375
0.233375,-0.00734375
0.233625,-0.00784375
0.233875,-0.00734375
0.234125,-0.00790625
0.234375,-0.00759375
0.234625,-0.00815625
0.234875,-0.00753125
0.235125,-0.00803125
0.235375,-0.007875
0.235625,-0.00809375
0.235875,-0.00796875
0.236125,-0.00753125
0.236375,-0.00790625
0.236625,-0.00753125
0.236875,-0.0081875
0.237125,-0.00753125
0.237375,-0.00828125
0.237625,-0.0078125
0.237875,-0.008375
0.238125,-0.00784375
0.238375,-0.00884375
0.238625,-0.00821875
0.238875,-0.00803125
0.239125,-0.0084375
0.239375,-0.00784375
0.239625,-0.008375
0.239875,-0.00784375
0.240125,-0.0085
0.240375,-0.0081875
0.240625,-0.00871875
0.240875,-0.0084375
0.241125,-0.00875
0.241375,-0.00821875
0.241625,-0.009
0.241875,-0.0085
0.242125,-0.0084375
0.242375,-0.00871875
0.242625,-0.00834375
0.242875,-0.008875
0.243125,-0.00853125
0.243375,-0.0089375
0.243625,-0.00865625
0.243875,-0.0090625
0.244125,-0.00865625
0.244375,-0.0093125
0.244625,-0.00909375
0.244875,-0.00934375
0.245125,-0.00890625
0.245375,-0.009
0.245625,-0.0090625
0.245875,-0.00890625
0.246125,-0.009375
0.246375,-0.00903125
0.246625,-0.00953125
0.246875,-0.00890625
0.247125,-0.00940625
0.247375,-0.009
0.247625,-0.009625
0.247875,-0.00915625
0.248125,-0.0095
0.248375,-0.00953125
0.248625,-0.0095
0.248875,-0.0095
0.249125,-0.00940625
0.249375,-0.00965625
0.249625,-0.00925
0.249875,-0.00978125
0.250125,-0.0094375
0.250375,-0.0096875
0.250625,-0.00934375
0.250875,-0.01
0.251125,-0.0095
0.251375,-0.0101562
0.251625,-0.00978125
0.251875,-0.0099375
0.252125,-0.01
0.252375,-0.00990625
0.252625,-0.00990625
0.252875,-0.0098125
0.253125,-0.0101562
0.253375,-0.00971875
0.253625,-0.0103125
0.253875,-0.0098125
0.254125,-0.0104688
0.254375,-0.00996875
0.254625,-0.00996875
0.254875,-0.0101562
0.255125,-0.00978125
0.255375,-0.0101875
0.255625,-0.0099375
0.255875,-0.0105
0.256125,-0.010125
0.256375,-0.0105625
0.256625,-0.0100938
0.256875,-0.0106562
0.257125,-0.0103125
0.257375,-0.0109375
0.257625,-0.0103125
0.257875,-0.0102812
0.258125,-0.0105937
0.258375,-0.0102812
0.258625,-0.0107187
0.258875,-0.0105313
0.259125,-0.011
0.259375,-0.0106875
0.259625,-0.0110625
0.259875,-0.0105625
0.260125,-0.0112187
0.260375,-0.0108125
0.260625,-0.0112813
0.260875,-0.0110312
0.261125,-0.0107812
0.261375,-0.0110312
0.261625,-0.0106875
0.261875,-0.0112813
0.262125,-0.011
0.262375,-0.0114375
0.262625,-0.011
0.262875,-0.0115625
0.263125,-0.0113438
0.263375,-0.0116562
0.263625,-0.0113125
0.263875,-0.0120312
0.264125,-0.0115
0.264375,-0.0116562
0.264625,-0.0116562
0.264875,-0.0115625
0.265125,-0.0118438
0.265375,-0.0115
0.265625,-0.0118438
0.265875,-0.0115312
0.266125,-0.012125
0.266375,-0.0117813
0.266625,-0.0123438
0.266875,-0.0119063
0.267125,-0.0123438
0.267375,-0.0119063
0.267625,-0.0120625
0.267875,-0.012375
0.268125,-0.0121562
0.268375,-0.0121562
0.268625,-0.0117813
0.268875,-0.0125
0.269125,-0.0119687
0.269375,-0.0127813
0.269625,-0.012375
0.269875,-0.0128438
0.270125,-0.0124063
0.270375,-0.0130312
0.270625,-0.0124687
0.270875,-0.0125625
0.271125,-0.0126563
0.271375,-0.0125312
0.271625,-0.0126563
0.271875,-0.0125625
0.272125,-0.0129687
0.272375,-0.0125937
0.272625,-0.0130937
0.272875,-0.0125625
0.273125,-0.0133437
0.273375,-0.0127188
0.273625,-0.0127188
0.273875,-0.0129375
0.274125,-0.0126563
0.274375,-0.0130625
0.274625,-0.012875
0.274875,-0.01325
0.275125,-0.013
0.275375,-0.0134375
0.275625,-0.013
0.275875,-0.0134062
0.276125,-0.0130625
0.276375,-0.01375
0.276625,-0.0133437
0.276875,-0.0133125
0.277125,-0.0134687
0.277375,-0.013
0.277625,-0.0138437
0.277875,-0.0132188
0.278125,-0.0136563
0.278375,-0.0132188
0.278625,-0.0137188
0.278875,-0.0132813
0.279125,-0.0139062
0.279375,-0.0135
0.279625,-0.014
0.279875,-0.0138125
0.280125,-0.0134062
0.280375,-0.0140313
0.280625,-0.0134375
0.280875,-0.014
0.281125,-0.0135312
0.281375,-0.014125
0.281625,-0.01375
0.281875,-0.0142812
0.282125,-0.014
0.282375,-0.0144687
0.282625,-0.014
0.282875,-0.0142188
0.283125,-0.0142812
0.283375,-0.0142812
0.283625,-0.0144687
0.283875,-0.0142188
0.284125,-0.0146875
0.284375,-0.0143437
0.284625,-0.0146563
0.284875,-0.0143125
0.285125,-0.0148125
0.285375,-0.0146875
0.285625,-0.0151563
0.285875,-0.014875
0.286125,-0.0145625
0.286375,-0.0149062
0.286625,-0.0143437
0.286875,-0.014875
0.287125,-0.0146875
0.287375,-0.0150938
0.287625,-0.0146875
0.287875,-0.0152812
0.288125,-0.0147812
0.288375,-0.01525
0.288625,-0.015
0.288875,-0.0158125
0.289125,-0.0150313
0.289375,-0.015
0.289625,-0.0152187
0.289875,-0.0148125
0.290125,-0.0154375
0.290375,-0.0149375
0.290625,-0.0154688
0.290875,-0.0150938
0.291125,-0.0155938
0.291375,-0.0149688
0.291625,-0.0157812
0.291875,-0.015375
0.292125,-0.0160937
0.292375,-0.0154688
0.292625,-0.0156562
0.292875,-0.0155938
0.293125,-0.015375
0.293375,-0.0160313
0.293625,-0.0154688
0.293875,-0.0160313
0.294125,-0.0155313
0.294375,-0.0160625
0.294625,-0.0156875
0.294875,-0.0162813
0.295125,-0.0158438
0.295375,-0.0164688
0.295625,-0.0161563
0.295875,-0.0160937
0.296125,-0.0162187
0.296375,-0.0159687
0.296625,-0.0162813
0.296875,-0.0159375
0.297125,-0.0166562
0.297375,-0.0161875
0.297625,-0.01675
0.297875,-0.0162187
0.298125,-0.0168437
0.298375,-0.0167188
0.298625,-0.0169687
0.298875,-0.0166562
0.299125,-0.0165625
0.299375,-0.0166562
0.299625,-0.0164062
0.299875,-0.0168437
0.300125,-0.016875
0.300375,-0.0169063
0.300625,-0.0168437
0.300875,-0.0170937
0.301125,-0.0168125
0.301375,-0.0173125
0.301625,-0.0170937
0.301875,-0.0174375
0.302125,-0.0173125
0.302375,-0.017125
0.302625,-0.0174062
0.302875,-0.0173438
0.303125,-0.0172812
0.303375,-0.0171875
0.303625,-0.0176875
0.303875,-0.0172812
0.304125,-0.01775
0.304375,-0.0175312
0.304625,-0.0179687
0.304875,-0.0176562
0.305125,-0.0175
0.305375,-0.0177813
0.305625,-0.018
0.305875,-0.0181562
0.306125,-0.0178125
0.306375,-0.0180313
0.306625,-0.0176562
0.306875,-0.0182812
0.307125,-0.0179375
0.307375,-0.01825
0.307625,-0.0179687
0.307875,-0.0187187
0.308125,-0.018375
0.308375,-0.0189687
0.308625,-0.0187187
0.308875,-0.0184375
0.309125,-0.01875
0.309375,-0.018375
0.309625,-0.0187187
0.309875,-0.0185
0.310125,-0.0188125
0.310375,-0.018375
0.310625,-0.0191562
0.310875,-0.0186563
0.311125,-0.0194062
0.311375,-0.0188437
0.311625,-0.0195312
0.311875,-0.019
0.312125,-0.0190625
0.312375,-0.0190313
0.312625,-0.0191875
0.312875,-0.0194062
0.313125,-0.019
0.313375,-0.0194688
0.313625,-0.0193438
0.313875,-0.0195937
0.314125,-0.0193438
0.314375,-0.0199063
0.314625,-0.0195312
0.314875,-0.0194062
0.315125,-0.0195937
0.315375,-0.0193125
0.315625,-0.019875
0.315875,-0.0195937
0.316125,-0.0202188
0.316375,-0.0197187
0.316625,-0.0200312
0.316875,-0.0196875
0.317125,-0.0202188
0.317375,-0.0198437
0.317625,-0.0205
0.317875,-0.0201875
0.318125,-0.02
0.318375,-0.02025
0.318625,-0.0203438
0.318875,-0.0204687
0.319125,-0.020375
0.319375,-0.0209063
0.319625,-0.0205
0.319875,-0.0207813
0.320125,-0.0205313
0.320375,-0.0210625
0.320625,-0.0204687
0.320875,-0.021
0.321125,-0.0208437
0.321375,-0.0208437
0.321625,-0.0209375
0.321875,-0.0209375
0.322125,-0.021
0.322375,-0.020875
0.322625,-0.0212812
0.322875,-0.0209688
0.323125,-0.0212188
0.323375,-0.0208437
0.323625,-0.0216875
0.323875,-0.0213438
0.324125,-0.02175
0.324375,-0.0214375
0.324625,-0.0215
0.324875,-0.0217813
0.325125,-0.0213438
0.325375,-0.0217187
0.325625,-0.0213438
0.325875,-0.021875
0.326125,-0.0215
0.326375,-0.0222812
0.326625,-0.0216563
0.326875,-0.0222188
0.327125,-0.0219062
0.327375,-0.0224687
0.327625,-0.022
0.327875,-0.0221875
0.328125,-0.0224375
0.328375,-0.021875
0.328625,-0.0225313
0.328875,-0.0220938
0.329125,-0.0225937
0.329375,-0.0222812
0.329625,-0.0229375
0.329875,-0.0223437
0.330125,-0.0229375
0.330375,-0.0225
0.330625,-0.0230312
0.330875,-0.0226563
0.331125,-0.0226875
0.331375,-0.0228438
0.331625,-0.0225
0.331875,-0.0231875
0.332125,-0.0228125
0.332375,-0.0235
0.332625,-0.0229375
0.332875,-0.0235625
0.333125,-0.0231562
0.333375,-0.0236563
0.333625,-0.0233437
0.333875,-0.0236875
0.334125,-0.0235
0.334375,-0.0235313
0.334625,-0.0236875
0.334875,-0.0234687
0.335125,-0.0239688
0.335375,-0.0237188
0.335625,-0.0240312
0.335875,-0.0237188
0.336125,-0.0244063
0.336375,-0.024
0.336625,-0.0245313
0.336875,-0.024
0.337125,-0.0244687
0.337375,-0.0243437
0.337625,-0.0245
0.337875,-0.0245625
0.338125,-0.024125
0.338375,-0.024625
0.338625,-0.0241563
0.338875,-0.0249688
0.339125,-0.0246875
0.339375,-0.0251563
0.339625,-0.024875
0.339875,-0.0251875
0.340125,-0.025
0.340375,-0.02575
0.340625,-0.025125
0.340875,-0.0251563
0.341125,-0.0252813
0.341375,-0.0252813
0.341625,-0.0255
0.341875,-0.0254063
0.342125,-0.0257812
0.342375,-0.0254063
0.342625,-0.0261563
0.342875,-0.0256875
0.343125,-0.0264688
0.343375,-0.0259375
0.343625,-0.0261875
0.343875,-0.0262187
0.344125,-0.0264375
0.344375,-0.026375
0.344625,-0.0263437
0.344875,-0.0266562
0.345125,-0.0265312
0.345375,-0.0269687
0.345625,-0.0265312
0.345875,-0.027
0.346125,-0.0265938
0.346375,-0.0274062
0.346625,-0.026875
0.346875,-0.0270937
0.347125,-0.0270937
0.347375,-0.0273438
0.347625,-0.0275625
0.347875,-0.0271563
0.348125,-0.0276875
0.348375,-0.0273438
0.348625,-0.0278437
0.348875,-0.0275625
0.349125,-0.0280937
0.349375,-0.0276875
0.349625,-0.0284688
0.349875,-0.0279375
0.350125,-0.0277812
0.350375,-0.0283125
0.350625,-0.0279063
0.350875,-0.0285312
0.351125,-0.028125
0.351375,-0.0287188
0.351625,-0.028375
0.351875,-0.0289375
0.352125,-0.028375
0.352375,-0.0290313
0.352625,-0.0288125
0.352875,-0.0290625
0.353125,-0.0290625
0.353375,-0.0291563
0.353625,-0.0291563
0.353875,-0.029
0.354125,-0.0296563
0.354375,-0.0290313
0.354625,-0.0295312
0.354875,-0.0292188
0.355125,-0.0300313
0.355375,-0.0294688
0.355625,-0.0300625
0.355875,-0.0297813
0.356125,-0.0302812
0.356375,-0.03
0.356625,-0.0301562
0.356875,-0.0302188
0.357125,-0.0300625
0.357375,-0.0305312
0.357625,-0.0302812
0.357875,-0.0306875
0.358125,-0.0302812
0.358375,-0.0310312
0.358625,-0.0307813
0.358875,-0.031375
0.359125,-0.0309063
0.359375,-0.0314375
0.359625,-0.031
0.359875,-0.0311562
0.360125,-0.0315312
0.360375,-0.0310312
0.360625,-0.0315312
0.360875,-0.0313438
0.361125,-0.0319688
0.361375,-0.0315
0.361625,-0.0320312
0.361875,-0.0316563
0.362125,-0.0323125
0.362375,-0.0320312
0.362625,-0.0319375
0.362875,-0.0323437
0.363125,-0.0319063
0.363375,-0.0325
0.363625,-0.0323437
0.363875,-0.032875
0.364125,-0.0324688
0.364375,-0.033
0.364625,-0.03275
0.364875,-0.0333125
0.365125,-0.033
0.365375,-0.0330625
0.365625,-0.0332813
0.365875,-0.0334063
0.366125,-0.0335
0.366375,-0.0334063
0.366625,-0.0338437
0.366875,-0.0331562
0.367125,-0.033875
0.367375,-0.0336563
0.367625,-0.0343437
0.367875,-0.0338437
0.368125,-0.0345313
0.368375,-0.0344062
0.368625,-0.0345
0.368875,-0.0345
0.369125,-0.0347187
0.369375,-0.0348438
0.369625,-0.0349375
0.369875,-0.0350313
0.370125,-0.0347813
0.370375,-0.0353125
0.370625,-0.035125
0.370875,-0.0356563
0.371125,-0.03525
0.371375,-0.0357812
0.371625,-0.0357188
0.371875,-0.0360937
0.372125,-0.0359375
0.372375,-0.0360625
0.372625,-0.0361875
0.372875,-0.0359063
0.373125,-0.0361875
0.373375,-0.0364375
0.373625,-0.0369062
0.373875,-0.0364375
0.374125,-0.0371563
0.374375,-0.0369062
0.374625,-0.037375
0.374875,-0.037
0.375125,-0.037125
0.375375,-0.037375
0.375625,-0.0372812
0.375875,-0.037875
0.376125,-0.0374688
0.376375,-0.0381562
0.376625,-0.0375937
0.376875,-0.03825
0.377125,-0.038125
0.377375,-0.0387187
0.377625,-0.038375
0.377875,-0.0391875
0.378125,-0.0387813
0.378375,-0.0387813
0.378625,-0.0390312
0.378875,-0.0386562
0.379125,-0.0395
0.379375,-0.0391875
0.379625,-0.0397188
0.379875,-0.0393437
0.380125,-0.0400313
0.380375,-0.0396875
0.380625,-0.0404062
0.380875,-0.0400937
0.381125,-0.040875
0.381375,-0.0403438
0.381625,-0.0405625
0.381875,-0.0408125
0.382125,-0.04075
0.382375,-0.0412188
0.382625,-0.0408438
0.382875,-0.0416562
0.383125,-0.0410312
0.383375,-0.041875
0.383625,-0.04175
0.383875,-0.042375
0.384125,-0.0419688
0.384375,-0.0425312
0.384625,-0.042375
0.384875,-0.042625
0.385125,-0.042875
0.385375,-0.0427812
0.385625,-0.0430937
0.385875,-0.0430312
0.386125,-0.0436875
0.386375,-0.043375
0.386625,-0.044125
0.386875,-0.0437813
0.387125,-0.0445938
0.387375,-0.0441562
0.387625,-0.0440625
0.387875,-0.0446563
0.388125,-0.0448125
0.388375,-0.0449063
0.388625,-0.0448437
0.388875,-0.0454062
0.389125,-0.0450937
0.389375,-0.0457813
0.389625,-0.0455
0.389875,-0.0461875
0.390125,-0.0460313
0.390375,-0.0467188
0.390625,-0.0464063
0.390875,-0.0468437
0.391125,-0.0469688
0.391375,-0.047
0.391625,-0.0471875
0.391875,-0.0471562
0.392125,-0.0476562
0.392375,-0.0475
0.392625,-0.048
0.392875,-0.0479687
0.393125,-0.04875
0.393375,-0.0485
0.393625,-0.0491562
0.393875,-0.0487812
0.394125,-0.0489688
0.394375,-0.0494062
0.394625,-0.0493437
0.394875,-0.0498438
0.395125,-0.0498125
0.395375,-0.050375
0.395625,-0.0502187
0.395875,-0.051
0.396125,-0.0509375
0.396375,-0.0516562
0.396625,-0.051375
0.396875,-0.0520625
0.397125,-0.0516875
0.397375,-0.0519063
0.397625,-0.0523437
0.397875,-0.0526562
0.398125,-0.0529375
0.398375,-0.0528125
0.398625,-0.0534375
0.398875,-0.0533438
0.399125,-0.054
0.399375,-0.0538438
0.399625,-0.0546875
0.399875,-0.054375
0.400125,-0.0551875
0.400375,-0.0551562
0.400625,-0.0554063
0.400875,-0.0556563
0.401125,-0.0557812
0.401375,-0.0565313
0.401625,-0.0564062
0.401875,-0.0570938
0.402125,-0.0569687
0.402375,-0.0576875
0.402625,-0.0575938
0.402875,-0.0582813
0.403125,-0.0583437
0.403375,-0.059125
0.403625,-0.0589062
0.403875,-0.0590938
0.404125,-0.0597812
0.404375,-0.0595937
0.404625,-0.0602813
0.404875,-0.0602188
0.405125,-0.0612812
0.405375,-0.0611875
0.405625,-0.0619688
0.405875,-0.0617812
0.406125,-0.0626563
0.406375,-0.0624687
0.406625,-0.0635
0.406875,-0.0635
0.407125,-0.063875
0.407375,-0.0642812
0.407625,-0.0643125
0.407875,-0.0651563
0.408125,-0.0649062
0.408375,-0.0657813
0.408625,-0.0655
0.408875,-0.0666875
0.409125,-0.0665
0.409375,-0.0675
0.409625,-0.0675313
0.409875,-0.0685313
0.410125,-0.0681562
0.410375,-0.0688125
0.410625,-0.06925
0.410875,-0.0695
0.411125,-0.0699375
0.411375,-0.0700625
0.411625,-0.0705938
0.411875,-0.070875
0.412125,-0.0718438
0.412375,-0.0716875
0.412625,-0.0726563
0.412875,-0.0725
0.413125,-0.0733437
0.413375,-0.073375
0.413625,-0.0737813
0.413875,-0.0743437
0.414125,-0.0744687
0.414375,-0.075125
0.414625,-0.075125
0.414875,-0.0757188
0.415125,-0.0759062
0.415375,-0.0767813
0.415625,-0.0765312
0.415875,-0.0773437
0.416125,-0.07725
0.416375,-0.0776875
0.416625,-0.0780938
0.416875,-0.0784063
0.417125,-0.07875
0.417375,-0.078875
0.417625,-0.0793125
0.417875,-0.0791875
0.418125,-0.0800313
0.418375,-0.0796563
0.418625,-0.0806875
0.418875,-0.0805
0.419125,-0.0811875
0.419375,-0.08075
0.419625,-0.0813125
0.419875,-0.0815312
0.420125,-0.0816562
0.420375,-0.0819687
0.420625,-0.082
0.420875,-0.0825625
0.421125,-0.0823437
0.421375,-0.0829687
0.421625,-0.0826562
0.421875,-0.0835
0.422125,-0.0830937
0.422375,-0.0837187
0.422625,-0.0835313
0.422875,-0.0835
0.423125,-0.0838125
0.423375,-0.0836563
0.423625,-0.0842187
0.423875,-0.083875
0.424125,-0.0845312
0.424375,-0.0843437
0.424625,-0.0849688
0.424875,-0.0844062
0.425125,-0.0851562
0.425375,-0.0849063
0.425625,-0.0854375
0.425875,-0.0849375
0.426125,-0.0851562
0.426375,-0.0851875
0.426625,-0.085
0.426875,-0.0853437
0.427125,-0.085
0.427375,-0.0857188
0.427625,-0.085375
0.427875,-0.085875
0.428125,-0.0855625
0.428375,-0.0860625
0.428625,-0.08575
0.428875,-0.0865
0.429125,-0.0859063
0.429375,-0.0857812
0.429625,-0.0860313
0.429875,-0.0856562
0.430125,-0.0861562
0.430375,-0.0857188
0.430625,-0.086375
0.430875,-0.0861562
0.431125,-0.0865
0.431375,-0.08625
0.431625,-0.0865625
0.431875,-0.0864063
0.432125,-0.0867812
0.432375,-0.086375
0.432625,-0.0868438
0.432875,-0.0868438
0.433125,-0.0865
0.433375,-0.0867812
0.433625,-0.0863438
0.433875,-0.0869062
0.434125,-0.0865
0.434375,-0.0870313
0.434625,-0.0865
0.434875,-0.087
0.435125,-0.0866875
0.435375,-0.0868438
0.435625,-0.086875
0.435875,-0.086875
0.436125,-0.0869375
0.436375,-0.0867812
0.436625,-0.0870625
0.436875,-0.0866563
0.437125,-0.0872187
0.437375,-0.0867812
0.437625,-0.0873125
0.437875,-0.0867812
0.438125,-0.0872187
0.438375,-0.087
0.438625,-0.0875937
0.438875,-0.0871563
0.439125,-0.0870937
0.439375,-0.087
0.439625,-0.0865625
0.439875,-0.0871875
0.440125,-0.0867812
0.440375,-0.0872812
0.440625,-0.0870313
0.440875,-0.0875313
0.441125,-0.087
0.441375,-0.0875
0.441625,-0.0870313
0.441875,-0.0876563
0.442125,-0.0873438
0.442375,-0.0871875
0.442625,-0.08725
0.442875,-0.0870937
0.443125,-0.0875313
0.443375,-0.087125
0.443625,-0.0875
0.443875,-0.0871563
0.444125,-0.0877813
0.444375,-0.087375
0.444625,-0.0876563
0.444875,-0.0871563
0.445125,-0.0873125
0.445375,-0.0874375
0.445625,-0.0871563
0.445875,-0.0875625
0.446125,-0.087
0.446375,-0.0875313
0.446625,-0.0869375
0.446875,-0.0875313
0.447125,-0.0870937
0.447375,-0.0876875
0.447625,-0.0871563
0.447875,-0.0877813
0.448125,-0.0871875
0.448375,-0.0870937
0.448625,-0.0875937
0.448875,-0.0872812
0.449125,-0.0876563
0.449375,-0.08725
0.449625,-0.0875
0.449875,-0.0873125
0.450125,-0.0878125
0.450375,-0.0872187
0.450625,-0.08775
0.450875,-0.0873438
0.451125,-0.0879062
0.451375,-0.0875
0.451625,-0.0874688
0.451875,-0.0875313
0.452125,-0.0873125
0.452375,-0.0876875
0.452625,-0.0874375
0.452875,-0.0876875
0.453125,-0.087375
0.453375,-0.0878438
0.453625,-0.0873438
0.453875,-0.0878438
0.454125,-0.0873438
0.454375,-0.0878438
0.454625,-0.0875
0.454875,-0.0874688
0.455125,-0.0875937
0.455375,-0.087375
0.455625,-0.0877813
0.455875,-0.0872187
0.456125,-0.0878125
0.456375,-0.0873125
0.456625,-0.0877813
0.456875,-0.0874062
0.457125,-0.0879062
0.457375,-0.0875
0.457625,-0.0880625
0.457875,-0.0874375
0.458125,-0.087375
0.458375,-0.0877187
0.458625,-0.0875625
0.458875,-0.0879062
0.459125,-0.0875313
0.459375,-0.0876875
0.459625,-0.0873125
0.459875,-0.0879375
0.460125,-0.0873438
0.460375,-0.0880312
0.460625,-0.0873125
0.460875,-0.0880938
0.461125,-0.087375
0.461375,-0.0874062
0.461625,-0.0876563
0.461875,-0.0875
0.462125,-0.0876875
0.462375,-0.0873125
0.462625,-0.0880312
0.462875,-0.0873125
0.463125,-0.0877813
0.463375,-0.0875625
0.463625,-0.087875
0.463875,-0.0875313
0.464125,-0.0880938
0.464375,-0.0878125
0.464625,-0.0877813
0.464875,-0.0875313
0.465125,-0.0873125
0.465375,-0.0879688
0.465625,-0.0874375
0.465875,-0.0879062
0.466125,-0.0872812
0.466375,-0.0878438
0.466625,-0.087375
0.466875,-0.0879062
0.467125,-0.0875937
0.467375,-0.0877187
0.467625,-0.0876563
0.467875,-0.087875
0.468125,-0.0877813
0.468375,-0.0874688
0.468625,-0.088
0.468875,-0.0873438
0.469125,-0.0880312
0.469375,-0.0874062
0.469625,-0.0879688
0.469875,-0.0875
0.470125,-0.0879688
0.470375,-0.0874375
0.470625,-0.0882187
0.470875,-0.0877187
0.471125,-0.0875625
0.471375,-0.0878438
0.471625,-0.0875
0.471875,-0.0879375
0.472125,-0.087375
0.472375,-0.088
0.472625,-0.0873438
0.472875,-0.0879375
0.473125,-0.0877813
0.473375,-0.0881875
0.473625,-0.0875
0.473875,-0.0875313
0.474125,-0.0879688
0.474375,-0.0874688
0.474625,-0.0876875
0.474875,-0.0874688
0.475125,-0.0879375
0.475375,-0.0875625
0.475625,-0.0879062
0.475875,-0.087625
0.476125,-0.0879688
0.476375,-0.0875625
0.476625,-0.0880625
0.476875,-0.0876563
0.477125,-0.0875937
0.477375,-0.0879688
0.477625,-0.0879062
0.477875,-0.0878438
0.478125,-0.0875
0.478375,-0.08775
0.478625,-0.087375
0.478875,-0.0880938
0.479125,-0.0875
0.479375,-0.0880625
0.479625,-0.0875
0.479875,-0.0881875
0.480125,-0.0877187
0.480375,-0.0883125
0.480625,-0.0876563
0.480875,-0.08775
0.481125,-0.0876875
0.481375,-0.087375
0.481625,-0.0879375
0.481875,-0.0875
0.482125,-0.0879688
0.482375,-0.0874688
0.482625,-0.088125
0.482875,-0.0876563
0.483125,-0.0881875
0.483375,-0.0876563
0.483625,-0.088375
0.483875,-0.0878438
0.484125,-0.088
0.484375,-0.0876875
0.484625,-0.0876563
0.484875,-0.0880938
0.485125,-0.0876563
0.485375,-0.0881875
0.485625,-0.0874375
0.485875,-0.088125
0.486125,-0.0876563
0.486375,-0.0880312
0.486625,-0.0878438
0.486875,-0.0879375
0.487125,-0.0880312
0.487375,-0.0878438
0.487625,-0.088
0.487875,-0.0875937
0.488125,-0.0878438
0.488375,-0.0877187
0.488625,-0.0879375
0.488875,-0.0875937
0.489125,-0.0880312
0.489375,-0.0875
0.489625,-0.0879688
0.489875,-0.0879688
0.490125,-0.0880625
0.490375,-0.0878438
0.490625,-0.087875
0.490875,-0.0878125
0.491125,-0.0876563
0.491375,-0.0879688
0.491625,-0.0877813
0.491875,-0.0882813
0.492125,-0.0875625
0.492375,-0.0883437
0.492625,-0.0876563
0.492875,-0.0882187
0.493125,-0.0878438
0.493375,-0.0875625
0.493625,-0.0879375
0.493875,-0.0874375
0.494125,-0.087875
0.494375,-0.0874375
0.494625,-0.0879375
0.494875,-0.0876563
0.495125,-0.0881563
0.495375,-0.0875
0.495625,-0.0880625
0.495875,-0.0876563
0.496125,-0.0882813
0.496375,-0.087875
0.496625,-0.087625
0.496875,-0.0879688
0.497125,-0.0875
0.497375,-0.0881563
0.497625,-0.0875
0.497875,-0.0879688
0.498125,-0.0875625
0.498375,-0.0880312
0.498625,-0.0875
0.498875,-0.0880938
0.499125,-0.0877187
0.499375,-0.0882813
0.499625,-0.0877813
0.499875,-0.087625
0.500125,-0.0876563
0.500375,-0.087375
0.500625,-0.0879688
0.500875,-0.0875937
0.501125,-0.0878438
0.501375,-0.0875625
0.501625,-0.0881563
0.501875,-0.08775
0.502125,-0.0880625
0.502375,-0.0877813
0.502625,-0.0881563
0.502875,-0.0876563
0.503125,-0.0877813
0.503375,-0.0879375
0.503625,-0.08775
0.503875,-0.088
0.504125,-0.0878125
0.504375,-0.088125
0.504625,-0.0876563
0.504875,-0.0880938
0.505125,-0.0877813
0.505375,-0.0882813
0.505625,-0.0876563
0.505875,-0.0876563
0.506125,-0.087875
0.506375,-0.0874375
0.506625,-0.088
0.506875,-0.0875313
0.507125,-0.0882813
0.507375,-0.087625
0.507625,-0.08825
0.507875,-0.0876875
0.508125,-0.0883437
0.508375,-0.08775
0.508625,-0.088125
0.508875,-0.0876563
0.509125,-0.0875625
0.509375,-0.0877813
0.509625,-0.0875937
0.509875,-0.0881875
0.510125,-0.0875937
0.510375,-0.0882187
0.510625,-0.0876875
0.510875,-0.0882187
0.511125,-0.0876563
0.511375,-0.0882813
0.511625,-0.0876563
0.511875,-0.088375
0.512125,-0.0877813
0.512375,-0.087875
0.512625,-0.0878125
0.512875,-0.0874375
0.513125,-0.0881563
0.513375,-0.0876875
0.513625,-0.0880625
0.513875,-0.0875313
0.514125,-0.0879688
0.514375,-0.0876875
0.514625,-0.0881563
0.514875,-0.087875
0.515125,-0.088375
0.515375,-0.0880312
0.515625,-0.0878438
0.515875,-0.0879062
0.516125,-0.0877813
0.516375,-0.0879375
0.516625,-0.0875
0.516875,-0.0883125
0.517125,-0.0876563
0.517375,-0.0884375
0.517625,-0.0878438
0.517875,-0.0883437
0.518125,-0.0876563
0.518375,-0.0882813
0.518625,-0.087875
0.518875,-0.0875313
0.519125,-0.087875
0.519375,-0.0874062
0.519625,-0.087875
0.519875,-0.0877813
0.520125,-0.0880312
0.520375,-0.0876875
0.520625,-0.0883437
0.520875,-0.0877813
0.521125,-0.0881563
0.521375,-0.088
0.521625,-0.0883437
0.521875,-0.0879688
0.522125,-0.0879062
0.522375,-0.0880312
0.522625,-0.0875
0.522875,-0.0880938
0.523125,-0.0877187
0.523375,-0.0881563
0.523625,-0.0875313
0.523875,-0.0883437
0.524125,-0.0878438
0.524375,-0.0882813
0.524625,-0.0879062
0.524875,-0.0883125
0.525125,-0.087875
0.525375,-0.0880312
0.525625,-0.0881563
0.525875,-0.0876563
0.526125,-0.087875
0.526375,-0.0876875
0.526625,-0.0882813
0.526875,-0.0877813
0.527125,-0.0883437
0.527375,-0.0878438
0.527625,-0.0882187
0.527875,-0.0878438
0.528125,-0.088375
0.528375,-0.0880938
0.528625,-0.0880312
0.528875,-0.08775
0.529125,-0.0875937
0.529375,-0.088
0.529625,-0.0875625
0.529875,-0.0882187
0.530125,-0.0875
0.530375,-0.0882187
0.530625,-0.0876563
0.530875,-0.0882813
0.531125,-0.0878438
0.531375,-0.0883125
0.531625,-0.0879375
0.531875,-0.0880938
0.532125,-0.088
0.532375,-0.0877187
0.532625,-0.0881563
0.532875,-0.0876875
0.533125,-0.0880938
0.533375,-0.087875
0.533625,-0.0880625
0.533875,-0.088
0.534125,-0.088375
0.534375,-0.0876875
0.534625,-0.0877813
0.534875,-0.0879688
0.535125,-0.0877813
0.535375,-0.0881563
0.535625,-0.087875
0.535875,-0.088
0.536125,-0.0879375
0.536375,-0.0881875
0.536625,-0.0877187
0.536875,-0.0882813
0.537125,-0.0877813
0.537375,-0.0883437
0.537625,-0.0879375
0.537875,-0.0881875
0.538125,-0.087875
0.538375,-0.087875
0.538625,-0.0879688
0.538875,-0.088
0.539125,-0.0881563
0.539375,-0.0874375
0.539625,-0.0880938
0.539875,-0.0875
0.540125,-0.0880625
0.540375,-0.0875625
0.540625,-0.0882187
0.540875,-0.08775
0.541125,-0.0883437
0.541375,-0.087875
0.541625,-0.0878438
0.541875,-0.088125
0.542125,-0.0874062
0.542375,-0.0880312
0.542625,-0.0875
0.542875,-0.0880625
0.543125,-0.0878438
0.543375,-0.0880938
0.543625,-0.0877187
0.543875,-0.0883125
0.544125,-0.08775
0.544375,-0.087625
0.544625,-0.0879375
0.544875,-0.0874375
0.545125,-0.0880938
0.545375,-0.0876563
0.545625,-0.0880312
0.545875,-0.0876563
0.546125,-0.088125
0.546375,-0.0877187
0.546625,-0.08825
0.546875,-0.0878125
0.547125,-0.0884688
0.547375,-0.0880312
0.547625,-0.0879375
0.547875,-0.0879375
0.548125,-0.087375
0.548375,-0.087875
0.548625,-0.0875313
0.548875,-0.0880625
0.549125,-0.0875937
0.549375,-0.0880312
0.549625,-0.0878125
0.549875,-0.0882187
0.550125,-0.0875937
0.550375,-0.0879062
0.550625,-0.0878438
0.550875,-0.08775
0.551125,-0.0880312
0.551375,-0.0874688
0.551625,-0.0879688
0.551875,-0.0875313
0.552125,-0.0880938
0.552375,-0.0875937
0.552625,-0.0880938
0.552875,-0.0877187
0.553125,-0.0882813
0.553375,-0.0878438
0.553625,-0.0882813
0.553875,-0.0880312
0.554125,-0.0879062
0.554375,-0.0881875
0.554625,-0.0877187
0.554875,-0.0881875
0.555125,-0.0877187
0.555375,-0.0880625
0.555625,-0.0875625
0.555875,-0.0882813
0.556125,-0.0877813
0.556375,-0.0882813
0.556625,-0.088
0.556875,-0.0879375
0.557125,-0.0879375
0.557375,-0.0880312
0.557625,-0.0880938
0.557875,-0.0876875
0.558125,-0.088
0.558375,-0.0875
0.558625,-0.0879688
0.558875,-0.0875
0.559125,-0.0881563
0.559375,-0.0875625
0.559625,-0.0885
0.559875,-0.0878125
0.560125,-0.0884688
0.560375,-0.087875
0.560625,-0.0878438
0.560875,-0.088
0.561125,-0.0876563
0.561375,-0.088125
0.561625,-0.0875
0.561875,-0.08825
0.562125,-0.0875625
0.562375,-0.0883125
0.562625,-0.0875937
0.562875,-0.0881563
0.563125,-0.0879375
0.563375,-0.0880625
0.563625,-0.0878438
0.563875,-0.0879688
0.564125,-0.0880938
0.564375,-0.0877813
0.564625,-0.0878438
0.564875,-0.0876875
0.565125,-0.0882813
0.565375,-0.0879062
0.565625,-0.0881563
0.565875,-0.0875937
0.566125,-0.0884375
0.566375,-0.0879062
0.566625,-0.0878125
0.566875,-0.0880312
0.567125,-0.0875
0.567375,-0.0880938
0.567625,-0.08775
0.567875,-0.0881563
0.568125,-0.0878438
0.568375,-0.0881875
0.568625,-0.0876563
0.568875,-0.0881563
0.569125,-0.08775
0.569375,-0.0882813
0.569625,-0.0879062
0.569875,-0.0883125
0.570125,-0.0878438
0.570375,-0.0880312
0.570625,-0.0879688
0.570875,-0.0877813
0.571125,-0.0881563
0.571375,-0.0878438
0.571625,-0.0885
0.571875,-0.0877813
0.572125,-0.0882813
0.572375,-0.0878438
0.572625,-0.0882187
0.572875,-0.087875
0.573125,-0.087875
0.573375,-0.0879375
0.573625,-0.0877187
0.573875,-0.0881563
0.574125,-0.08775
0.574375,-0.0880625
0.574625,-0.0877813
0.574875,-0.0883437
0.575125,-0.0878125
0.575375,-0.0884375
0.575625,-0.087875
0.575875,-0.0884062
0.576125,-0.0879062
0.576375,-0.0876875
0.576625,-0.0881563
0.576875,-0.0875937
0.577125,-0.0881563
0.577375,-0.0878125
0.577625,-0.0882813
0.577875,-0.0877813
0.578125,-0.0880938
0.578375,-0.0878125
0.578625,-0.0881563
0.578875,-0.0876875
0.579125,-0.0884062
0.579375,-0.08775
0.579625,-0.088375
0.579875,-0.0879375
0.580125,-0.0880312
0.580375,-0.088
0.580625,-0.0877187
0.580875,-0.0881563
0.581125,-0.0877813
0.581375,-0.088125
0.581625,-0.0878125
0.581875,-0.0885312
0.582125,-0.0878438
0.582375,-0.0884062
0.582625,-0.0879062
0.582875,-0.0879062
0.583125,-0.088125
0.583375,-0.0876563
0.583625,-0.0881563
0.583875,-0.0877813
0.584125,-0.08825
0.584375,-0.0878438
0.584625,-0.0880312
0.584875,-0.0878438
0.585125,-0.0883437
0.585375,-0.087875
0.585625,-0.0885
0.585875,-0.0879062
0.586125,-0.0879062
0.586375,-0.088
0.586625,-0.0876563
0.586875,-0.0880938
0.587125,-0.0875
0.587375,-0.0882813
0.587625,-0.0875313
0.587875,-0.08825
0.588125,-0.0878438
0.588375,-0.0885
0.588625,-0.087875
0.588875,-0.0884688
0.589125,-0.0878438
0.589375,-0.0880312
0.589625,-0.0880938
0.589875,-0.0876875
0.590125,-0.0881563
0.590375,-0.0875625
0.590625,-0.0882813
0.590875,-0.0878125
0.591125,-0.08825
0.591375,-0.0876563
0.591625,-0.088375
0.591875,-0.08775
0.592125,-0.0883125
0.592375,-0.0880625
0.592625,-0.0879688
0.592875,-0.0880312
0.593125,-0.0877813
0.593375,-0.0881563
0.593625,-0.0877813
0.593875,-0.0883437
0.594125,-0.08775
0.594375,-0.0882813
0.594625,-0.0877813
0.594875,-0.0885312
0.595125,-0.0880938
0.595375,-0.0879062
0.595625,-0.0879062
0.595875,-0.0873438
0.596125,-0.088
0.596375,-0.0875937
0.596625,-0.0880938
0.596875,-0.08775
0.597125,-0.0883437
0.597375,-0.0877813
0.597625,-0.0882813
0.597875,-0.08775
0.598125,-0.0884375
0.598375,-0.0878438
0.598625,-0.0884375
0.598875,-0.088
0.599125,-0.0879375
0.599375,-0.0879375
0.599625,-0.0877187
0.599875,-0.0882187
0.600125,-0.0874375
0.600375,-0.0883437
0.600625,-0.0875313
0.600875,-0.0882813
0.601125,-0.0876563
0.601375,-0.0884062
0.601625,-0.0877813
0.601875,-0.0884688
0.602125,-0.088
0.602375,-0.088
0.602625,-0.0881563
0.602875,-0.0880312
0.603125,-0.0882813
0.603375,-0.087875
0.603625,-0.08825
0.603875,-0.0877187
0.604125,-0.0884688
0.604375,-0.0880312
0.604625,-0.0884375
0.604875,-0.087875
0.605125,-0.0878438
0.605375,-0.0880938
0.605625,-0.0877187
0.605875,-0.0880938
0.606125,-0.087625
0.606375,-0.0882187
0.606625,-0.0878125
0.606875,-0.08825
0.607125,-0.0878125
0.607375,-0.0883125
0.607625,-0.0879375
0.607875,-0.088375
0.608125,-0.0880938
0.608375,-0.0877813
0.608625,-0.088125
0.608875,-0.0877187
0.609125,-0.088375
0.609375,-0.0877813
0.609625,-0.0881563
0.609875,-0.0879375
0.610125,-0.0881875
0.610375,-0.0879688
0.610625,-0.088375
0.610875,-0.0880938
0.611125,-0.0885
0.611375,-0.088
0.611625,-0.0879688
0.611875,-0.088375
0.612125,-0.0878438
0.612375,-0.088
0.612625,-0.08775
0.612875,-0.0883125
0.613125,-0.0877813
0.613375,-0.088375
0.613625,-0.0879375
0.613875,-0.088375
0.614125,-0.0880625
0.614375,-0.0884375
0.614625,-0.0879375
0.614875,-0.088125
0.615125,-0.0880938
0.615375,-0.0879375
0.615625,-0.0884688
0.615875,-0.0878438
0.616125,-0.0882813
0.616375,-0.0876875
0.616625,-0.0884375
0.616875,-0.088
0.617125,-0.0884062
0.617375,-0.0878125
0.617625,-0.0884375
0.617875,-0.0880312
0.618125,-0.0879375
0.618375,-0.0882813
0.618625,-0.0877813
0.618875,-0.0884375
0.619125,-0.088
0.619375,-0.0883125
0.619625,-0.0879062
0.619875,-0.088375
0.620125,-0.0877813
0.620375,-0.0883437
0.620625,-0.0877813
0.620875,-0.0884062
0.621125,-0.0880625
0.621375,-0.0879375
0.621625,-0.0880938
0.621875,-0.0875937
0.622125,-0.0883437
0.622375,-0.0878125
0.622625,-0.0881875
0.622875,-0.0879375
0.623125,-0.0884062
0.623375,-0.0881563
0.623625,-0.0887813
0.623875,-0.0879375
0.624125,-0.0885
0.624375,-0.0880938
0.624625,-0.0881563
0.624875,-0.08825
0.625125,-0.0879375
0.625375,-0.0882813
0.625625,-0.0877813
0.625875,-0.0883437
0.626125,-0.087875
0.626375,-0.0884375
0.626625,-0.0877813
0.626875,-0.0885
0.627125,-0.0880625
0.627375,-0.0887813
0.627625,-0.0881563
0.627875,-0.0880938
0.628125,-0.0880625
0.628375,-0.0876563
0.628625,-0.0881875
0.628875,-0.0878125
0.629125,-0.0881875
0.629375,-0.0879688
0.629625,-0.0886562
0.629875,-0.0879375
0.630125,-0.088625
0.630375,-0.0880625
0.630625,-0.0885
0.630875,-0.0880312
0.631125,-0.088
0.631375,-0.0882187
0.631625,-0.0879375
0.631875,-0.0880938
0.632125,-0.0879375
0.632375,-0.0883437
0.632625,-0.0877813
0.632875,-0.0886562
0.633125,-0.0878438
0.633375,-0.0884062
0.633625,-0.0881875
0.633875,-0.0886562
0.634125,-0.0879062
0.634375,-0.0880938
0.634625,-0.0883125
0.634875,-0.0880625
0.635125,-0.0882813
0.635375,-0.0879688
0.635625,-0.0885
0.635875,-0.087875
0.636125,-0.0885
0.636375,-0.087875
0.636625,-0.0885312
0.636875,-0.088
0.637125,-0.0885
0.637375,-0.0880625
0.637625,-0.0881875
0.637875,-0.0882187
0.638125,-0.0877187
0.638375,-0.08825
0.638625,-0.0876875
0.638875,-0.0883125
0.639125,-0.0878125
0.639375,-0.0880312
0.639625,-0.0878125
0.639875,-0.0883125
0.640125,-0.087875
0.640375,-0.0885
0.640625,-0.0879688
0.640875,-0.0879062
0.641125,-0.0880625
0.641375,-0.087625
0.641625,-0.088125
0.641875,-0.0876563
0.642125,-0.0882187
0.642375,-0.0879375
0.642625,-0.0883437
0.642875,-0.0879062
0.643125,-0.0885
0.643375,-0.0879062
0.643625,-0.0883125
0.643875,-0.0879688
0.644125,-0.0881875
0.644375,-0.0880625
0.644625,-0.0879062
0.644875,-0.0881875
0.645125,-0.087875
0.645375,-0.088375
0.645625,-0.0879688
0.645875,-0.0883437
0.646125,-0.0878125
0.646375,-0.088375
0.646625,-0.08775
0.646875,-0.088
0.647125,-0.0880312
0.647375,-0.0880312
0.647625,-0.0880938
0.647875,-0.0878438
0.648125,-0.0880625
0.648375,-0.087875
0.648625,-0.0883437
0.648875,-0.0877187
0.649125,-0.0884062
0.649375,-0.0877187
0.649625,-0.088375
0.649875,-0.0879688
0.650125,-0.0880938
0.650375,-0.088
0.650625,-0.088
0.650875,-0.088125
0.651125,-0.0880938
0.651375,-0.0881563
0.651625,-0.0877813
0.651875,-0.088375
0.652125,-0.0879062
0.652375,-0.0882813
0.652625,-0.08775
0.652875,-0.0883125
0.653125,-0.0879375
0.653375,-0.0879375
0.653625,-0.0879688
0.653875,-0.0879688
0.654125,-0.088125
0.654375,-0.0878438
0.654625,-0.0880938
0.654875,-0.0878438
0.655125,-0.0883437
0.655375,-0.0877813
0.655625,-0.0883437
0.655875,-0.087875
0.656125,-0.0883437
0.656375,-0.087875
0.656625,-0.08775
0.656875,-0.0879375
0.657125,-0.0875313
0.657375,-0.0882187
0.657625,-0.0879062
0.657875,-0.0881563
0.658125,-0.088
0.658375,-0.0882813
0.658625,-0.0879375
0.658875,-0.0884688
0.659125,-0.0879062
0.659375,-0.0882187
0.659625,-0.087875
0.659875,-0.088125
0.660125,-0.088125
0.660375,-0.0879062
0.660625,-0.0881563
0.660875,-0.0879062
0.661125,-0.0881875
0.661375,-0.0878438
0.661625,-0.0880625
0.661875,-0.0879688
0.662125,-0.0884375
0.662375,-0.0880312
0.662625,-0.0886562
0.662875,-0.0879375
0.663125,-0.0879375
0.663375,-0.0881563
0.663625,-0.0877813
0.663875,-0.0880938
0.664125,-0.0877813
0.664375,-0.0883437
0.664625,-0.0878438
0.664875,-0.0880938
0.665125,-0.0877813
0.665375,-0.0884375
0.665625,-0.0879375
0.665875,-0.0884062
0.666125,-0.0880312
0.666375,-0.088
0.666625,-0.0879375
0.666875,-0.0879062
0.667125,-0.0881563
0.667375,-0.0877187
0.667625,-0.0883125
0.667875,-0.087875
0.668125,-0.0883125
0.668375,-0.0877187
0.668625,-0.0885312
0.668875,-0.088
0.669125,-0.0883437
0.669375,-0.0880312
0.669625,-0.0880938
0.669875,-0.0883437
0.670125,-0.0878438
0.670375,-0.0884062
0.670625,-0.0878125
0.670875,-0.0884375
0.671125,-0.0878438
0.671375,-0.0885
0.671625,-0.0879375
0.671875,-0.0884375
0.672125,-0.0879062
0.672375,-0.0878438
0.672625,-0.0880312
0.672875,-0.0876875
0.673125,-0.0879375
0.673375,-0.0876563
0.673625,-0.0882187
0.673875,-0.0876875
0.674125,-0.0884375
0.674375,-0.0878438
0.674625,-0.088375
0.674875,-0.0879688
0.675125,-0.0883437
0.675375,-0.0880938
0.675625,-0.08825
0.675875,-0.0882187
0.676125,-0.0878438
0.676375,-0.0882187
0.676625,-0.0874062
0.676875,-0.0883437
0.677125,-0.0876563
0.677375,-0.088375
0.677625,-0.0877187
0.677875,-0.0885
0.678125,-0.0879688
0.678375,-0.0885938
0.678625,-0.088
0.678875,-0.0878125
0.679125,-0.0880312
0.679375,-0.0875
0.679625,-0.0880938
0.679875,-0.0878125
0.680125,-0.088375
0.680375,-0.0879062
0.680625,-0.08825
0.680875,-0.0879688
0.681125,-0.088375
0.681375,-0.088
0.681625,-0.0884062
0.681875,-0.088
0.682125,-0.0880625
0.682375,-0.0882187
0.682625,-0.0876875
0.682875,-0.0880938
0.683125,-0.0877187
0.683375,-0.0884375
0.683625,-0.0878438
0.683875,-0.0883125
0.684125,-0.0878438
0.684375,-0.0885312
0.684625,-0.087875
0.684875,-0.0883125
0.685125,-0.088
0.685375,-0.0880312
0.685625,-0.0881563
0.685875,-0.0879062
0.686125,-0.0884375
0.686375,-0.08775
0.686625,-0.0882187
0.686875,-0.0875
0.687125,-0.0884062
0.687375,-0.0876563
0.687625,-0.088375
0.687875,-0.0879688
0.688125,-0.0884375
0.688375,-0.0880312
0.688625,-0.0880938
0.688875,-0.0882187
0.689125,-0.088
0.689375,-0.0883125
0.689625,-0.0877813
0.689875,-0.0882813
0.690125,-0.0875937
0.690375,-0.0883437
0.690625,-0.0879688
0.690875,-0.0885312
0.691125,-0.088
0.691375,-0.0885
0.691625,-0.0880625
0.691875,-0.0882187
0.692125,-0.0880625
0.692375,-0.0879062
0.692625,-0.0883125
0.692875,-0.0878438
0.693125,-0.08825
0.693375,-0.0879062
0.693625,-0.0882813
0.693875,-0.0877813
0.694125,-0.0885
0.694375,-0.0878125
0.694625,-0.0878438
0.694875,-0.0880312
0.695125,-0.0876563
0.695375,-0.088
0.695625,-0.0878438
0.695875,-0.0882187
0.696125,-0.0877813
0.696375,-0.088125
0.696625,-0.0876563
0.696875,-0.0883437
0.697125,-0.0876875
0.697375,-0.0883437
0.697625,-0.0878438
0.697875,-0.088
0.698125,-0.088
0.698375,-0.0878438
0.698625,-0.0881875
0.698875,-0.08775
0.699125,-0.0883437
0.699375,-0.0876563
0.699625,-0.0882187
0.699875,-0.0875313
0.700125,-0.0881563
0.700375,-0.0876875
0.700625,-0.088375
0.700875,-0.0879375
0.701125,-0.0879688
0.701375,-0.088
0.701625,-0.0879688
0.701875,-0.0880312
0.702125,-0.0878125
0.702375,-0.0880625
0.702625,-0.087875
0.702875,-0.0882187
0.703125,-0.0876563
0.703375,-0.0883125
0.703625,-0.0879688
0.703875,-0.0884375
0.704125,-0.0879062
0.704375,-0.0879062
0.704625,-0.088125
0.704875,-0.0876875
0.705125,-0.0881563
0.705375,-0.0876563
0.705625,-0.0882813
0.705875,-0.0879375
0.706125,-0.0883125
0.706375,-0.0878438
0.706625,-0.0883125
0.706875,-0.0879375
0.707125,-0.0884375
0.707375,-0.0882813
0.707625,-0.0880312
0.707875,-0.0879688
0.708125,-0.0874375
0.708375,-0.0879062
0.708625,-0.0876875
0.708875,-0.0881875
0.709125,-0.088
0.709375,-0.0882813
0.709625,-0.0878438
0.709875,-0.088375
0.710125,-0.0878125
0.710375,-0.0886875
0.710625,-0.0876875
0.710875,-0.0878438
0.711125,-0.0879688
0.711375,-0.0877187
0.711625,-0.0879688
0.711875,-0.0876875
0.712125,-0.0880625
0.712375,-0.0877187
0.712625,-0.0884375
0.712875,-0.0877813
0.713125,-0.0882813
0.713375,-0.0880312
0.713625,-0.0884062
0.713875,-0.087875
0.714125,-0.0879375
0.714375,-0.0882187
0.714625,-0.0875625
0.714875,-0.0880312
0.715125,-0.0876563
0.715375,-0.0880625
0.715625,-0.0878125
0.715875,-0.088375
0.716125,-0.087875
0.716375,-0.0883125
0.716625,-0.0878438
0.716875,-0.0885312
0.717125,-0.0879688
0.717375,-0.0877813
0.717625,-0.0879688
0.717875,-0.0877187
0.718125,-0.0885
0.718375,-0.0877187
0.718625,-0.0881875
0.718875,-0.0877813
0.719125,-0.0883125
0.719375,-0.0878438
0.719625,-0.0881875
0.719875,-0.0879375
0.720125,-0.0885312
0.720375,-0.0880938
0.720625,-0.0876563
0.720875,-0.0880938
0.721125,-0.0877187
0.721375,-0.0881563
0.721625,-0.0879688
0.721875,-0.0882813
0.722125,-0.0876875
0.722375,-0.0883125
0.722625,-0.0879375
0.722875,-0.0882813
0.723125,-0.0878125
0.723375,-0.0884688
0.723625,-0.0878438
0.723875,-0.0879062
0.724125,-0.0881563
0.724375,-0.0877187
0.724625,-0.0880312
0.724875,-0.087625
0.725125,-0.0881563
0.725375,-0.08775
0.725625,-0.0884688
0.725875,-0.0879688
0.726125,-0.0884688
0.726375,-0.0879062
0.726625,-0.0881563
0.726875,-0.088
0.727125,-0.087875
0.727375,-0.0881563
0.727625,-0.0879062
0.727875,-0.088125
0.728125,-0.0878125
0.728375,-0.0884375
0.728625,-0.0877813
0.728875,-0.0883437
0.729125,-0.0881875
0.729375,-0.0885
0.729625,-0.0879375
0.729875,-0.0886562
0.730125,-0.0877813
0.730375,-0.08825
0.730625,-0.0880312
0.730875,-0.0879688
0.731125,-0.0881875
0.731375,-0.0878438
0.731625,-0.0882813
0.731875,-0.0877187
0.732125,-0.0882813
0.732375,-0.0879375
0.732625,-0.0883437
0.732875,-0.0879688
0.733125,-0.088375
0.733375,-0.0880938
0.733625,-0.0880312
0.733875,-0.0884688
0.734125,-0.0880312
0.734375,-0.0880938
0.734625,-0.0877813
0.734875,-0.0882813
0.735125,-0.0878438
0.735375,-0.088375
0.735625,-0.0878438
0.735875,-0.0885
0.736125,-0.0879688
0.736375,-0.0884688
0.736625,-0.0879062
0.736875,-0.0880625
0.737125,-0.0880938
0.737375,-0.087875
0.737625,-0.088
0.737875,-0.0875625
0.738125,-0.0883437
0.738375,-0.0878438
0.738625,-0.0884062
0.738875,-0.0877813
0.739125,-0.0884062
0.739375,-0.0879062
0.739625,-0.0885312
0.739875,-0.0878438
0.740125,-0.08825
0.740375,-0.08825
0.740625,-0.0879375
0.740875,-0.0882813
0.741125,-0.0877813
0.741375,-0.0883437
0.741625,-0.0875937
0.741875,-0.0885
0.742125,-0.087875
0.742375,-0.0884688
0.742625,-0.0879375
0.742875,-0.0878438
0.743125,-0.088
0.743375,-0.0875937
0.743625,-0.088125
0.743875,-0.0877813
0.744125,-0.0884375
0.744375,-0.0877813
0.744625,-0.0882187
0.744875,-0.0876875
0.745125,-0.0884062
0.745375,-0.0880312
0.745625,-0.0885625
0.745875,-0.088
0.746125,-0.0881563
0.746375,-0.0880312
0.746625,-0.0876563
0.746875,-0.0880625
0.747125,-0.0877813
0.747375,-0.0883125
0.747625,-0.0874688
0.747875,-0.0882187
0.748125,-0.0878438
0.748375,-0.0884375
0.748625,-0.0880312
0.748875,-0.0884375
0.749125,-0.0880312
0.749375,-0.0877813
0.749625,-0.0881875
0.749875,-0.0875
0.750125,-0.0883437
0.750375,-0.0877813
0.750625,-0.0881563
0.750875,-0.0877187
0.751125,-0.0884375
0.751375,-0.0879062
0.751625,-0.0883437
0.751875,-0.088
0.752125,-0.088375
0.752375,-0.088125
0.752625,-0.0879688
0.752875,-0.0881563
0.753125,-0.08825
0.753375,-0.0880312
0.753625,-0.0877187
0.753875,-0.0883125
0.754125,-0.0876563
0.754375,-0.0884062
0.754625,-0.0877813
0.754875,-0.0885
0.755125,-0.0881875
0.755375,-0.0882813
0.755625,-0.0879062
0.755875,-0.0881563
0.756125,-0.088
0.756375,-0.0879062
0.756625,-0.0883125
0.756875,-0.0878125
0.757125,-0.0883437
0.757375,-0.0876875
0.757625,-0.088375
0.757875,-0.0877813
0.758125,-0.088375
0.758375,-0.087875
0.758625,-0.0885938
0.758875,-0.088125
0.759125,-0.0880312
0.759375,-0.0880312
0.759625,-0.0875625
0.759875,-0.0881563
0.760125,-0.0876563
0.760375,-0.0883125
0.760625,-0.087875
0.760875,-0.0884062
0.761125,-0.087875
0.761375,-0.0885
0.761625,-0.088
0.761875,-0.0885
0.762125,-0.0881563
0.762375,-0.0883125
0.762625,-0.0880938
0.762875,-0.088
0.763125,-0.0882813
0.763375,-0.0878438
0.763625,-0.0882187
0.763875,-0.0878438
0.764125,-0.0884375
0.764375,-0.0878125
0.764625,-0.0884062
0.764875,-0.088
0.765125,-0.0879375
0.765375,-0.088125
0.765625,-0.0879688
0.765875,-0.0881563
0.766125,-0.0876563
0.766375,-0.0882813
0.766625,-0.0878125
0.766875,-0.0882813
0.767125,-0.0878438
0.767375,-0.0885625
0.767625,-0.0879375
0.767875,-0.0884375
0.768125,-0.088
0.768375,-0.0885
0.768625,-0.0881563
0.768875,-0.0880625
0.769125,-0.088125
0.769375,-0.08775
0.769625,-0.088375
0.769875,-0.0877813
0.770125,-0.0882813
0.770375,-0.0877187
0.770625,-0.0885
0.770875,-0.0877813
0.771125,-0.0885312
0.771375,-0.088
0.771625,-0.0882187
0.771875,-0.0880312
0.772125,-0.0879688
0.772375,-0.0880312
0.772625,-0.0879688
0.772875,-0.0883437
0.773125,-0.0880625
0.773375,-0.0882813
0.773625,-0.0879062
0.773875,-0.0884688
0.774125,-0.0880625
0.774375,-0.088375
0.774625,-0.0881563
0.774875,-0.0881563
0.775125,-0.0881875
0.775375,-0.0877813
0.775625,-0.0882813
0.775875,-0.0879375
0.776125,-0.0882813
0.776375,-0.0879688
0.776625,-0.0885625
0.776875,-0.0880312
0.777125,-0.0885
0.777375,-0.088
0.777625,-0.0885
0.777875,-0.0879375
0.778125,-0.0881563
0.778375,-0.0880938
0.778625,-0.0879375
0.778875,-0.0881563
0.779125,-0.0879688
0.779375,-0.0882187
0.779625,-0.087875
0.779875,-0.08825
0.780125,-0.087875
0.780375,-0.0884375
0.780625,-0.0879375
0.780875,-0.0884688
0.781125,-0.0880625
0.781375,-0.0881563
0.781625,-0.0881875
0.781875,-0.0879375
0.782125,-0.0883437
0.782375,-0.088
0.782625,-0.0881875
0.782875,-0.0880312
0.783125,-0.0884375
0.783375,-0.0878438
0.783625,-0.0884375
0.783875,-0.0879062
0.784125,-0.0885312
0.784375,-0.0881875
0.784625,-0.08825
0.784875,-0.08825
0.785125,-0.0875
0.785375,-0.0880938
0.785625,-0.0878125
0.785875,-0.0883125
0.786125,-0.0879375
0.786375,-0.0885625
0.786625,-0.0879062
0.786875,-0.0885312
0.787125,-0.0879375
0.787375,-0.0886562
0.787625,-0.0882187
0.787875,-0.0880625
0.788125,-0.0880625
0.788375,-0.0876875
0.788625,-0.0880625
0.788875,-0.0876563
0.789125,-0.0883125
0.789375,-0.0880312
0.789625,-0.0880312
0.789875,-0.0879375
0.790125,-0.0884688
0.790375,-0.088
0.790625,-0.0882813
0.790875,-0.0880312
0.791125,-0.088125
0.791375,-0.0882187
0.791625,-0.087875
0.791875,-0.0882813
0.792125,-0.0876875
0.792375,-0.0882813
0.792625,-0.0879375
0.792875,-0.088375
0.793125,-0.0878125
0.793375,-0.0884375
0.793625,-0.0879688
0.793875,-0.0882813
0.794125,-0.0879688
0.794375,-0.0880938
0.794625,-0.0881875
0.794875,-0.0880938
0.795125,-0.0881563
0.795375,-0.0877813
0.795625,-0.0882187
0.795875,-0.0877813
0.796125,-0.088375
0.796375,-0.0879375
0.796625,-0.0885
0.796875,-0.088
0.797125,-0.0882813
0.797375,-0.0882187
0.797625,-0.0882813
0.797875,-0.0880625
0.798125,-0.0875
0.798375,-0.0881875
0.798625,-0.0875937
0.798875,-0.0882187
0.799125,-0.0877187
0.799375,-0.0884375
0.799625,-0.0877187
0.799875,-0.088375
0.800125,-0.0878438
0.800375,-0.0885312
0.800625,-0.088125
0.800875,-0.0880312
0.801125,-0.0881875
0.801375,-0.0877187
0.801625,-0.0881875
0.801875,-0.08775
0.802125,-0.0885625
0.802375,-0.0878438
0.802625,-0.0884062
0.802875,-0.0879375
0.803125,-0.0884375
0.803375,-0.0880625
0.803625,-0.0878438
0.803875,-0.0879062
0.804125,-0.0880312
0.804375,-0.0881563
0.804625,-0.087875
0.804875,-0.0882187
0.805125,-0.0877813
0.805375,-0.0882813
0.805625,-0.088
0.805875,-0.0884375
0.806125,-0.087875
0.806375,-0.0885938
0.806625,-0.0879688
0.806875,-0.0878125
0.807125,-0.088
0.807375,-0.08775
0.807625,-0.0881875
0.807875,-0.0878438
0.808125,-0.0882187
0.808375,-0.0878438
0.808625,-0.0883437
0.808875,-0.0876875
0.809125,-0.0883125
0.809375,-0.087875
0.809625,-0.0884375
0.809875,-0.0881563
0.810125,-0.0877813
0.810375,-0.088
0.810625,-0.0876563
0.810875,-0.0881875
0.811125,-0.0875937
0.811375,-0.0883437
0.811625,-0.0879375
